fd7300ee-30eb-4ec7-afec-9d3612f63f1e,a3776444-5622-41ea-aca5-a67a7015955b,sp6573496801846345940.att.jpg,NHMD_138618 Profile,image/jpeg,,,,
fd7300ee-30eb-4ec7-afec-9d3612f63f1e,383a0563-4be6-426f-aa8b-d0c1bcd8bd8e,sp69195467797302851393.att.jpg,NHMD_138618 Upper side,image/jpeg,,,,
fd7300ee-30eb-4ec7-afec-9d3612f63f1e,2dd496e2-448c-41fc-a702-a1ad864512a6,sp61420985182043306319.att.jpg,NHMD_138618 Under side,image/jpeg,,,,
dc246483-9c34-4bb8-8448-d8cb3fec1aea,2e6f9259-7c0b-4f50-b94c-eb94c2ba152c,sp67791344311361644878.att.jpg,NHMD_138615 Profile,image/jpeg,,,,
dc246483-9c34-4bb8-8448-d8cb3fec1aea,bac209e4-4f3c-4d24-82c5-9bc75fcaa6d5,sp63964682454222163712.att.jpg,NHMD_138615 Under side,image/jpeg,,,,
dc246483-9c34-4bb8-8448-d8cb3fec1aea,d7483ecf-f31f-4831-8d45-7aea01f4e7f1,sp68331749752564672630.att.jpg,NHMD_138615 Upper side,image/jpeg,,,,
da5965dc-3d8c-4566-b6be-9867d0f28347,00b538dd-ff25-4245-b78f-99f23cb0b4ec,sp63870464563016034816.att.jpg,NHMD_138611 Upper side,image/jpeg,,,,
da5965dc-3d8c-4566-b6be-9867d0f28347,3a370d9e-5465-41ba-93e7-f204485cab1c,sp63603286363046280228.att.jpg,NHMD_138611 Profile,image/jpeg,,,,
da5965dc-3d8c-4566-b6be-9867d0f28347,c8dcf3df-2153-4ebe-adb0-efb61e451cec,sp68179919899556378235.att.jpg,NHMD_138611 Under side,image/jpeg,,,,
75165228-4db5-48d3-8b31-a0fbe3cc311d,605eabf2-d285-4451-adb4-9bb093cbe843,sp66738036062798698902.att.jpg,NHMD_138606 Upper side,image/jpeg,,,,
75165228-4db5-48d3-8b31-a0fbe3cc311d,dc2abae8-36d4-4a0f-a063-15670fca8d63,sp62070462249620141482.att.jpg,NHMD_138606 Under side,image/jpeg,,,,
75165228-4db5-48d3-8b31-a0fbe3cc311d,cbd42469-1c63-4fc4-9692-98e1cfedb21b,sp64708458992155661592.att.jpg,NHMD_138606 Profile,image/jpeg,,,,
c364a017-7a22-40fd-a4da-03e0c3278a9b,d14007b8-b215-4e87-bb25-081073d40e47,sp63965758898830022639.att.jpg,NHMD_138607 Profile,image/jpeg,,,,
c364a017-7a22-40fd-a4da-03e0c3278a9b,de5e9c96-ad0c-45ab-aae9-aa30cc976687,sp66558342162480626908.att.jpg,NHMD_138607 Upper side,image/jpeg,,,,
c364a017-7a22-40fd-a4da-03e0c3278a9b,8fa1fa40-980b-4840-ad69-1f66c885009b,sp68217953136006284306.att.jpg,NHMD_138607 Under side,image/jpeg,,,,
a4ace403-e3e6-4c15-87fb-144420797e00,ba947084-c971-4e15-92d6-8f9b753d978e,sp63161024354175381972.att.jpg,NHMD_138608 Profile,image/jpeg,,,,
a4ace403-e3e6-4c15-87fb-144420797e00,901ac802-374f-4082-9c9f-39a6c6e71645,sp62874858832820954829.att.jpg,NHMD_138608 Under side,image/jpeg,,,,
c99f6b5b-5790-4632-9e78-012fa65d8d19,3b45edb7-527d-42c1-a91a-f3cf1afe3123,sp68938184118442395820.att.jpg,NHMD_138609 Upper side,image/jpeg,,,,
c99f6b5b-5790-4632-9e78-012fa65d8d19,1c7b4dda-883b-468d-80e8-564da38b7dad,sp67835465725890518911.att.jpg,NHMD_138609 Profile,image/jpeg,,,,
c99f6b5b-5790-4632-9e78-012fa65d8d19,254c71e1-51b2-49ce-a818-4baee7d538f6,sp66434318750872357789.att.jpg,NHMD_138609 Under side,image/jpeg,,,,
46808ab3-edb4-4412-a517-b11d679d9c94,c5560ed6-fc80-4b81-ac8f-164dff7ed2e3,sp61312869373903498488.att.jpg,NHMD_138610 Profile,image/jpeg,,,,
46808ab3-edb4-4412-a517-b11d679d9c94,bc5c2f9d-6af6-4fad-b5df-059ebbde4f69,sp64152437381525266588.att.jpg,NHMD_138610 Under side,image/jpeg,,,,
46808ab3-edb4-4412-a517-b11d679d9c94,d99a0521-d4af-4d80-a262-3feded961e0a,sp68832707321533535614.att.jpg,NHMD_138610 Upper side,image/jpeg,,,,
45b4a277-9098-4468-b71d-e3cc162a12b9,a15e99e5-f30e-4e6a-84c5-b1b18f8b11c4,sp63548333966845960077.att.jpg,NHMD_138612 Under side,image/jpeg,,,,
45b4a277-9098-4468-b71d-e3cc162a12b9,9dd8e745-fd44-4a74-aa64-855b73f5af25,sp65802101721528759502.att.jpg,NHMD_138612 Upper side,image/jpeg,,,,
45b4a277-9098-4468-b71d-e3cc162a12b9,85d10778-f9b6-4bca-a56f-66267a116379,sp61671088843099742685.att.jpg,NHMD_138612 Profile,image/jpeg,,,,
9ee8ca36-8240-4e77-a80c-0e65a7eaa563,f9f2c44e-77b7-481d-bf52-2c095de9a017,sp65136094218666819703.att.jpg,NHMD_138613 Under side,image/jpeg,,,,
9ee8ca36-8240-4e77-a80c-0e65a7eaa563,290df8cb-e763-4671-8b98-2fc89c2ff749,sp65616478703397316435.att.jpg,NHMD_138613 Upper side,image/jpeg,,,,
9ee8ca36-8240-4e77-a80c-0e65a7eaa563,3bb66c7c-901b-4809-ae6c-e162efb5028c,sp65795689463655518255.att.jpg,NHMD_138613 Profile,image/jpeg,,,,
0741e528-19b0-4f62-9241-19dd138f6e63,09700dbc-5ba5-4ff0-94a7-f9ab7d135fe9,sp68133794394619235741.att.jpg,NHMD_138613 Profile,image/jpeg,,,,
0741e528-19b0-4f62-9241-19dd138f6e63,4a418766-f33e-4821-ac5c-113bf12c7dcb,sp6170369929704190774.att.jpg,NHMD_138613 Under side,image/jpeg,,,,
0741e528-19b0-4f62-9241-19dd138f6e63,71dbc773-0218-41f3-a0ae-4e1f5b05f5b0,sp66787709696777559968.att.jpg,NHMD_138613 Upper side,image/jpeg,,,,
