"a4ace403-e3e6-4c15-87fb-144420797e00","ba947084-c971-4e15-92d6-8f9b753d978e","NHMD_138608 Profile",""
"a4ace403-e3e6-4c15-87fb-144420797e00","901ac802-374f-4082-9c9f-39a6c6e71645","NHMD_138608 Under side",""
"c99f6b5b-5790-4632-9e78-012fa65d8d19","3b45edb7-527d-42c1-a91a-f3cf1afe3123","NHMD_138609 Upper side",""
"c99f6b5b-5790-4632-9e78-012fa65d8d19","1c7b4dda-883b-468d-80e8-564da38b7dad","NHMD_138609 Profile",""
"c99f6b5b-5790-4632-9e78-012fa65d8d19","254c71e1-51b2-49ce-a818-4baee7d538f6","NHMD_138609 Under side",""
"46808ab3-edb4-4412-a517-b11d679d9c94","c5560ed6-fc80-4b81-ac8f-164dff7ed2e3","NHMD_138610 Profile",""
"46808ab3-edb4-4412-a517-b11d679d9c94","bc5c2f9d-6af6-4fad-b5df-059ebbde4f69","NHMD_138610 Under side",""
"46808ab3-edb4-4412-a517-b11d679d9c94","d99a0521-d4af-4d80-a262-3feded961e0a","NHMD_138610 Upper side",""
"45b4a277-9098-4468-b71d-e3cc162a12b9","a15e99e5-f30e-4e6a-84c5-b1b18f8b11c4","NHMD_138612 Under side",""
"45b4a277-9098-4468-b71d-e3cc162a12b9","9dd8e745-fd44-4a74-aa64-855b73f5af25","NHMD_138612 Upper side",""
"45b4a277-9098-4468-b71d-e3cc162a12b9","85d10778-f9b6-4bca-a56f-66267a116379","NHMD_138612 Profile",""
"9ee8ca36-8240-4e77-a80c-0e65a7eaa563","f9f2c44e-77b7-481d-bf52-2c095de9a017","NHMD_138613 Under side",""
"9ee8ca36-8240-4e77-a80c-0e65a7eaa563","290df8cb-e763-4671-8b98-2fc89c2ff749","NHMD_138613 Upper side",""
"9ee8ca36-8240-4e77-a80c-0e65a7eaa563","3bb66c7c-901b-4809-ae6c-e162efb5028c","NHMD_138613 Profile",""